Name,SMILES,Toxicity
DILI_0,CC(=O)OCC[N+](C)(C)C,0.0
DILI_1,C[N+](C)(C)CC(=O)[O-],0.0
DILI_2,O=C(NC(CO)C(O)c1ccc([N+](=O)[O-])cc1)C(Cl)Cl,0.0
DILI_3,O=C(O)c1ccccc1O,0.0
DILI_4,CC(NC(C)(C)C)C(=O)c1cccc(Cl)c1,0.0
DILI_5,OCC(O)C(O)C(O)C(O)CO,0.0
DILI_6,ClC1C(Cl)C(Cl)C(Cl)C(Cl)C1Cl,0.0
DILI_7,OC1C(O)C(O)C(O)C(O)C1O,0.0
DILI_8,O=C(O)c1cccnc1,1.0
DILI_9,Nc1ccc(C(=O)O)cc1,0.0
DILI_10,CC(C)(CO)C(O)C(=O)NCCC(=O)O,0.0
DILI_11,NC(=O)c1cnccn1,1.0
DILI_12,Cc1ncc(CO)c(CO)c1O,0.0
DILI_13,Cc1ncc(C[n+]2csc(CCO)c2C)c(N)n1,0.0
DILI_14,Cc1ccc2cc3c(ccc4ccccc43)c3c2c1CC3,1.0
DILI_15,Oc1cccc2cccnc12,1.0
DILI_16,Nc1c2c(nc3ccccc13)CCCC2,0.0
DILI_17,CC(=O)Nc1nnc(S(N)(=O)=O)s1,1.0
DILI_18,CC(=O)c1ccc(S(=O)(=O)NC(=O)NC2CCCCC2)cc1,1.0
DILI_19,Cc1c2oc3c(C)ccc(C(=O)NC4C(=O)NC(C(C)C)C(=O)N5CCCC5C(=O)N(C)CC(=O)N(C)C(C(C)C)C(=O)OC4C)c3nc-2c(C(=O)NC2C(=O)NC(C(C)C)C(=O)N3CCCC3C(=O)N(C)CC(=O)N(C)C(C(C)C)C(=O)OC2C)c(N)c1=O,1.0
DILI_20,CCCSc1ccc2nc(NC(=O)OC)[nH]c2c1,1.0
DILI_21,CC(C)(C)NCC(O)c1ccc(O)c(CO)c1,0.0
DILI_22,NCCCC(O)(P(=O)(O)O)P(=O)(O)O,0.0
DILI_23,O=c1ncnc2[nH][nH]cc1-2,1.0
DILI_24,NC12CC3CC(CC(C3)C1)C2,0.0
DILI_25,CC(=O)Nc1c(I)c(NC(C)=O)c(I)c(C(=O)O)c1I,0.0
DILI_26,NCCCNCCSP(=O)(O)O,0.0
DILI_27,CCC1(c2ccc(N)cc2)CCC(=O)NC1=O,0.0
DILI_28,CN(C)CCC=C1c2ccccc2CCc2ccccc21,0.0
DILI_29,CCN(CC)Cc1cc(Nc2ccnc3cc(Cl)ccc23)ccc1O,1.0
DILI_30,COc1cc(NS(C)(=O)=O)ccc1Nc1c2ccccc2nc2ccccc12,1.0
DILI_31,CC(=O)Oc1ccccc1C(=O)O,0.0
DILI_32,COc1ccc(CCN2CCC(Nc3nc4ccccc4n3Cc3ccc(F)cc3)CC2)cc1,0.0
DILI_33,CC(C)NCC(O)COc1ccc(CC(N)=O)cc1,0.0
DILI_34,Cn1cnc([N+](=O)[O-])c1Sc1ncnc2nc[nH]c12,1.0
DILI_35,CC(Cc1ccccc1)N(C)Cc1ccccc1,0.0
DILI_36,CC(C[N+](C)(C)C)OC(N)=O,0.0
DILI_37,OC(CCN1CCCCC1)(c1ccccc1)C1CC2C=CC1C2,0.0
DILI_38,CCCCN1CCCCC1C(=O)Nc1c(C)cccc1C,0.0
DILI_39,O=C1CC2(CCCC2)CC(=O)N1CCCCN1CCN(c2ncccn2)CC1,0.0
DILI_40,CS(=O)(=O)OCCCCOS(C)(=O)=O,1.0
DILI_41,COc1ccc(CCN(C)CCCC(C#N)(c2ccc(OC)c(OC)c2)C(C)C)cc1OC,1.0
DILI_42,NC(=O)N1c2ccccc2C=Cc2ccccc21,1.0
DILI_43,CCN(CC)CCOCCOC(=O)C1(c2ccccc2)CCCC1,0.0
DILI_44,CN(C)CCOC(c1ccc(Cl)cc1)c1ccccn1,0.0
DILI_45,CCCC(C)(COC(N)=O)COC(=O)NC(C)C,0.0
DILI_46,CC1=C(C(=O)O)N2C(=O)C(NC(=O)C(N)c3ccc(O)cc3)C2SC1,1.0
DILI_47,Cc1ccc(-c2cc(C(F)(F)F)nn2-c2ccc(S(N)(=O)=O)cc2)cc1,1.0
DILI_48,OC(O)C(Cl)(Cl)Cl,0.0
DILI_49,CN1CCN(C(c2ccccc2)c2ccc(Cl)cc2)CC1,0.0
DILI_50,CN1C(=O)CCS(=O)(=O)C1c1ccc(Cl)cc1,1.0
DILI_51,CN(C)CCC(c1ccc(Cl)cc1)c1ccccn1,0.0
DILI_52,Cc1cc(C2CCCCC2)n(O)c(=O)c1,0.0
DILI_53,O=C1CCc2cc(OCCCCc3nnnn3C3CCCCC3)ccc2N1,0.0
DILI_54,Clc1cccc(Cl)c1NC1=NCCN1,1.0
DILI_55,CN1CCN(C2=c3ccccc3=Nc3ccc(Cl)cc3N2)CC1,1.0
DILI_56,CN1CCC(=C2c3ccccc3C=Cc3ccccc32)CC1,1.0
DILI_57,O=C1CN(N=Cc2ccc(-c3ccc([N+](=O)[O-])cc3)o2)C(=O)N1,1.0
DILI_58,Nc1ccc(S(=O)(=O)c2ccc(N)cc2)cc1,1.0
DILI_59,CC(=O)N(O)CCCCCNC(=O)CCC(=O)N(O)CCCCCNC(=O)CCC(=O)N(O)CCCCCN,0.0
DILI_60,CNCCCN1c2ccccc2CCc2ccccc21,0.0
DILI_61,O=C(O)Cc1ccccc1Nc1c(Cl)cccc1Cl,1.0
DILI_62,CCN(CC)CCOC(=O)C1(C2CCCCC2)CCCCC1,0.0
DILI_63,O=C(O)c1cc(-c2ccc(F)cc2F)ccc1O,1.0
DILI_64,OCC(S)CS,1.0
DILI_65,CN(C)CCOC(c1ccccc1)c1ccccc1,0.0
DILI_66,OCCN(CCO)c1nc(N2CCCCC2)c2nc(N(CCO)CCO)nc(N3CCCCC3)c2n1,1.0
DILI_67,CCN(CC)C(=S)SSC(=S)N(CC)CC,1.0
DILI_68,COc1cc2c(cc1OC)C(=O)C(CC1CCN(Cc3ccccc3)CC1)C2,0.0
DILI_69,CN(C)CCOC(C)(c1ccccc1)c1ccccn1,0.0
DILI_70,O=C(CCCN1CC=C(n2c(=O)[nH]c3ccccc32)CC1)c1ccc(F)cc1,0.0
DILI_71,CC[N+](C)(C)c1cccc(O)c1,0.0
DILI_72,CC(O)(P(=O)(O)O)P(=O)(O)O,0.0
DILI_73,CCc1cccc2c3c([nH]c12)C(CC)(CC(=O)O)OCC3,1.0
DILI_74,CC(C)OC(=O)C(C)(C)Oc1ccc(C(=O)c2ccc(Cl)cc2)cc1,1.0
DILI_75,CC(C(=O)O)c1cccc(Oc2ccccc2)c1,1.0
DILI_76,CCC(=O)N(c1ccccc1)C1CCN(CCc2ccccc2)CC1,0.0
DILI_77,CC(C)(C(=O)O)c1ccc(C(O)CCCN2CCC(C(O)(c3ccccc3)c3ccccc3)CC2)cc1,0.0
DILI_78,OC(Cn1cncn1)(Cn1cncn1)c1ccc(F)cc1F,1.0
DILI_79,Nc1[nH]c(=O)ncc1F,1.0
DILI_80,O=c1[nH]cc(F)c(=O)[nH]1,1.0
DILI_81,CNCCC(Oc1ccc(C(F)(F)F)cc1)c1ccccc1,0.0
DILI_82,CC(C(=O)O)c1ccc(-c2ccccc2)c(F)c1,1.0
DILI_83,CC(C)C(=O)Nc1ccc([N+](=O)[O-])c(C(F)(F)F)c1,1.0
DILI_84,COCCCCC(=NOCCN)c1ccc(C(F)(F)F)cc1,0.0
DILI_85,O=C1OCCN1N=Cc1ccc([N+](=O)[O-])o1,1.0
DILI_86,NS(=O)(=O)c1cc(C(=O)O)c(NCc2ccco2)cc1Cl,1.0
DILI_87,NCC1(CC(=O)O)CCCCC1,0.0
DILI_88,CNC(C)C1CCC(N)C(OC2C(N)CC(N)C(OC3OCC(C)(O)C(NC)C3O)C2O)O1,0.0
DILI_89,O=C(OCC(O)CO)c1ccccc1Nc1ccnc2cc(Cl)ccc12,1.0
DILI_90,COc1ccccc1OCC(O)CO,0.0
DILI_91,CCCCCCc1ccc(O)cc1O,0.0
DILI_92,NS(=O)(=O)c1cc2c(cc1Cl)NCNS2(=O)=O,1.0
DILI_93,OCCOCCN1CCN(C(c2ccccc2)c2ccc(Cl)cc2)CC1,0.0
DILI_94,NNCCc1ccccc1,0.0
DILI_95,CCN(CC)CC(=O)Nc1c(C)cccc1C,0.0
DILI_96,COc1ccc2c(c1)c(CC(=O)O)c(C)n2C(=O)c1ccc(Cl)cc1,1.0
DILI_97,CC(=O)N(CC(O)CN(C(C)=O)c1c(I)c(C(=O)NCC(O)CO)c(I)c(C(=O)NCC(O)CO)c1I)c1c(I)c(C(=O)NCC(O)CO)c(I)c(C(=O)NCC(O)CO)c1I,0.0
DILI_98,Cc1cc(C(=O)NNCc2ccccc2)no1,1.0
DILI_99,CC(C)NCC(O)c1ccc(O)c(O)c1,0.0
DILI_100,CC(COc1ccccc1)NC(C)C(O)c1ccc(O)cc1,0.0
DILI_101,CNC1(c2ccccc2Cl)CCCCC1=O,0.0
DILI_102,CC(C(=O)O)c1cccc(C(=O)c2ccccc2)c1,1.0
DILI_103,O=C(c1ccccc1)c1ccc2n1CCC2C(=O)O,1.0
DILI_104,Cc1oncc1C(=O)Nc1ccc(C(F)(F)F)cc1,1.0
DILI_105,N#Cc1ccc(C(c2ccc(C#N)cc2)n2cncn2)cc1,1.0
DILI_106,CCn1cc(C(=O)O)c(=O)c2cc(F)c(N3CCNC(C)C3)c(F)c21,1.0
DILI_107,CN(C)C(=O)C(CCN1CCC(O)(c2ccc(Cl)cc2)CC1)(c1ccccc1)c1ccccc1,0.0
DILI_108,CNCCCC12CCC(c3ccccc31)c1ccccc12,0.0
DILI_109,Cc1cccc(CN2CCN(C(c3ccccc3)c3ccc(Cl)cc3)CC2)c1,0.0
DILI_110,Cc1cccc(Nc2ccccc2C(=O)O)c1C,1.0
DILI_111,OC(c1cc(C(F)(F)F)nc2c(C(F)(F)F)cccc12)C1CCCCN1,0.0
DILI_112,CC12CC3CC(C)(C1)CC(N)(C3)C2,0.0
DILI_113,CN1CCCCC1CCN1c2ccccc2Sc2ccc(S(C)=O)cc21,1.0
DILI_114,CC(C)NCC(O)c1cc(O)cc(O)c1,0.0
DILI_115,Cc1ccccc1N1C(=O)c2cc(S(N)(=O)=O)c(Cl)cc2NC1C,1.0
DILI_116,Cc1ncc([N+](=O)[O-])n1CCO,1.0
DILI_117,CC(C)(C(=O)c1cccnc1)c1cccnc1,0.0
DILI_118,Cc1ncc2n1-c1ccc(Cl)cc1C(c1ccccc1F)=NC2,0.0
DILI_119,COc1ccc(OC)c(C(O)CNC(=O)CN)c1,0.0
DILI_120,N=c1nc(N2CCCCC2)cc(N)n1O,0.0
DILI_121,Clc1ccc(C(c2ccccc2Cl)C(Cl)Cl)cc1,0.0
DILI_122,O=C1c2c(O)ccc(O)c2C(=O)c2c(NCCNCCO)ccc(NCCNCCO)c21,1.0
DILI_123,CCn1cc(C(=O)O)c(=O)c2ccc(C)nc21,1.0
DILI_124,NCC1OC(OC2C(CO)OC(OC3C(O)C(N)CC(N)C3OC3OC(CN)C(O)C(O)C3N)C2O)C(N)C(O)C1O,0.0
DILI_125,Cc1ccnc2c1NC(=O)c1cccnc1N2C1CC1,1.0
DILI_126,O=C(CCNNC(=O)c1ccncc1)NCc1ccccc1,1.0
DILI_127,COC(=O)C1=C(C)NC(C)=C(C(=O)OCCN(C)Cc2ccccc2)C1c1cccc([N+](=O)[O-])c1,1.0
DILI_128,COC(=O)C1=C(C)NC(C)=C(C(=O)OC)C1c1ccccc1[N+](=O)[O-],1.0
DILI_129,CC1(C)NC(=O)N(c2ccc([N+](=O)[O-])c(C(F)(F)F)c2)C1=O,1.0
DILI_130,CS(=O)(=O)Nc1ccc([N+](=O)[O-])cc1Oc1ccccc1,1.0
DILI_131,COCCOC(=O)C1=C(C)NC(C)=C(C(=O)OC(C)C)C1c1cccc([N+](=O)[O-])c1,1.0
DILI_132,CN1Cc2c(N)cccc2C(c2ccccc2)C1,1.0
DILI_133,CCn1cc(C(=O)O)c(=O)c2cc(F)c(N3CCNCC3)cc21,1.0
DILI_134,Cc1ccccc1C(OCCN(C)C)c1ccccc1,0.0
DILI_135,O=C(O)CCc1nc(-c2ccccc2)c(-c2ccccc2)o1,1.0
DILI_136,CCCOc1ccc2nc(NC(=O)OC)[nH]c2c1,1.0
DILI_137,CCN(CC)CC#CCOC(=O)C(O)(c1ccccc1)C1CCCCC1,0.0
DILI_138,NCCC(O)(P(=O)(O)O)P(=O)(O)O,0.0
DILI_139,CC(C)(CO)C(O)C(=O)NCCCO,0.0
DILI_140,COc1ccc(Cc2nccc3cc(OC)c(OC)cc23)cc1OC,1.0
DILI_141,NC1=NC(=O)C(c2ccccc2)O1,1.0
DILI_142,C1CCC(C(CC2CCCCN2)C2CCCCC2)CC1,1.0
DILI_143,CCOc1ccc(NC(C)=O)cc1,1.0
DILI_144,Nc1ccc(N=Nc2ccccc2)c(N)n1,0.0
DILI_145,CC(COc1ccccc1)N(CCCl)Cc1ccccc1,0.0
DILI_146,CC(=CCC1=C(C)C(=O)c2ccccc2C1=O)CCCC(C)CCCC(C)CCCC(C)C,0.0
DILI_147,CC(N=C(NC#N)Nc1ccncc1)C(C)(C)C,0.0
DILI_148,CC(C)NCC(O)COc1cccc2[nH]ccc12,0.0
DILI_149,O=C(C1CCCCC1)N1CC(=O)N2CCc3ccccc3C2C1,0.0
DILI_150,COc1cc(NC(C)CCCN)c2ncccc2c1,0.0
DILI_151,CCC1(c2ccccc2)C(=O)NCNC1=O,0.0
DILI_152,OC(CCN1CCCC1)(c1ccccc1)C1CCCCC1,0.0
DILI_153,CCCNCC(O)COc1ccccc1C(=O)CCc1ccccc1,0.0
DILI_154,CC(C)c1cccc(C(C)C)c1O,0.0
DILI_155,CC(C)NCC(O)COc1cccc2ccccc12,0.0
DILI_156,CNCCCC1c2ccccc2C=Cc2ccccc21,0.0
DILI_157,CN(C)C(=O)Oc1ccc[n+](C)c1,0.0
DILI_158,COc1ccc(CN(CCN(C)C)c2ccccn2)cc1,0.0
DILI_159,CCc1nc(N)nc(N)c1-c1ccc(Cl)cc1,1.0
DILI_160,Nc1nc2ccc(OC(F)(F)F)cc2s1,1.0
DILI_161,Cc1nc2n(c(=O)c1CCN1CCC(c3noc4cc(F)ccc34)CC1)CCCC2,1.0
DILI_162,NC(=O)c1ccccc1O,0.0
DILI_163,CN1C2CC(OC(=O)C(CO)c3ccccc3)CC1C1OC12,0.0
DILI_164,Cc1ccc(NC(=O)c2ccc(CN3CCN(C)CC3)cc2)cc1Nc1nccc(-c2cccnc2)n1,1.0
DILI_165,C[N+](C)(C)CCOC(=O)CCC(=O)OCC[N+](C)(C)C,0.0
DILI_166,Cc1nnc(NS(=O)(=O)c2ccc(N)cc2)s1,1.0
DILI_167,Cc1cc(NS(=O)(=O)c2ccc(N)cc2)no1,1.0
DILI_168,Nc1ccc(S(N)(=O)=O)cc1,1.0
DILI_169,Nc1ccc(S(=O)(=O)Nc2nccs2)cc1,1.0
DILI_170,O=C1C(CCS(=O)c2ccccc2)C(=O)N(c2ccccc2)N1c1ccccc1,0.0
DILI_171,CC1=C(CC(=O)O)c2cc(F)ccc2C1=Cc1ccc(S(C)=O)cc1,1.0
DILI_172,CCCCCCCCNC(C)C(O)c1ccc(SC(C)C)cc1,1.0
DILI_173,CN(CC=CC#CC(C)(C)C)Cc1cccc2ccccc12,1.0
DILI_174,CC(C)(C)c1ccc(C(O)CCCN2CCC(C(O)(c3ccccc3)c3ccccc3)CC2)cc1,0.0
DILI_175,Cc1ccc(S(=O)(=O)NC(=O)NN2CCCCCC2)cc1,1.0
DILI_176,Cc1ccc(C(=O)c2ccc(CC(=O)O)n2C)cc1,1.0
DILI_177,NCC1CCC(C(=O)O)CC1,0.0
DILI_178,O=c1n(CCCN2CCN(c3cccc(Cl)c3)CC2)nc2ccccn12,1.0
DILI_179,OC(CCN1CCCCC1)(c1ccccc1)C1CCCCC1,0.0
DILI_180,COc1cc(C(=O)NCc2ccc(OCCN(C)C)cc2)cc(OC)c1OC,1.0
DILI_181,COc1cc(Cc2cnc(N)nc2N)cc(OC)c1OC,1.0
DILI_182,Cc1c(C)c2c(c(C)c1O)CCC(C)(COc1ccc(CC3SC(=O)NC3=O)cc1)O2,1.0
DILI_183,NS(=O)(=O)Cc1noc2ccccc12,1.0
DILI_184,CC1CC2C3CCC4=CC(=O)C=CC4(C)C3(F)C(O)CC2(C)C1(O)C(=O)CO,0.0
DILI_185,COC12C(COC(N)=O)C3=C(C(=O)C(C)=C(N)C3=O)N1CC1NC12,0.0
DILI_186,CC[N+](C)(CC)CCOC(=O)C(O)(c1ccccc1)C1CCCCC1,0.0
DILI_187,CC12CCC(=O)C=C1CCC1C2C(O)CC2(C)C1CCC2(O)C(=O)CO,0.0
DILI_188,CC12CCC3c4ccc(O)cc4CCC3C1CCC2O,0.0
DILI_189,Cc1ccc(N(CC2=NCCN2)c2cccc(O)c2)cc1,0.0
DILI_190,O=c1[nH]c(=O)n(C2CC(O)C(CO)O2)cc1F,1.0
DILI_191,CNCC(O)c1ccc(O)c(O)c1,0.0
DILI_192,CC(N)Cc1ccccc1,0.0
DILI_193,CC12C=CC(=O)C=C1CCC1C2C(=O)CC2(C)C1CCC2(O)C(=O)CO,0.0
DILI_194,CC12COC(=O)CC1CCC1C2CCC2(C)C1CCC2(C)O,1.0
DILI_195,COc1ccc(CC(N)C(=O)NC2C(CO)OC(n3cnc4c(N(C)C)ncnc43)C2O)cc1,1.0
DILI_196,CC1(C)SC2C(NC(=O)Cc3ccccc3)C(=O)N2C1C(=O)O,0.0
DILI_197,O=c1[nH]c(=O)n(C2CC(O)C(CO)O2)cc1I,1.0
DILI_198,CCC1C(=O)OCC1Cc1cncn1C,0.0
DILI_199,NC(Cc1cc(I)c(Oc2ccc(O)c(I)c2)c(I)c1)C(=O)O,0.0
DILI_200,CNC(=O)Oc1ccc2c(c1)C1(C)CCN(C)C1N2C,0.0
DILI_201,CC(=O)OCC1=C(C(=O)O)N2C(=O)C(NC(=O)Cc3cccs3)C2SC1,1.0
DILI_202,NCC1OC(OC2C(N)CC(N)C(OC3OC(CO)C(O)C(N)C3O)C2O)C(O)C(O)C1O,0.0
DILI_203,NC(Cc1ccc(O)c(O)c1)C(=O)O,0.0
DILI_204,COc1ccc(OC)c(C(O)C(C)N)c1,0.0
DILI_205,Cc1onc(-c2ccccc2Cl)c1C(=O)NC1C(=O)N2C1SC(C)(C)C2C(=O)O,1.0
DILI_206,OCC1OC(OC2C(CO)OC(O)C(O)C2O)C(O)C(O)C1O,0.0
DILI_207,CSCCC(N)C(=O)O,0.0
DILI_208,COc1cc2c(c(OC)c1OC)-c1ccc(OC)c(=O)cc1C(NC(C)=O)CC2,0.0
DILI_209,O=c1[nH]cc(N(CCCl)CCCl)c(=O)[nH]1,1.0
DILI_210,C=C1CCC(O)CC1=CC=C1CCCC2(C)C1CCC2C(C)CCCC(C)C,0.0
DILI_211,C#CC1(O)CCC2C3CCC4=CC(=O)CCC4C3CCC21C,0.0
DILI_212,Nc1ccn(C2OC(CO)C(O)C2O)c(=O)n1,1.0
DILI_213,NC(N)=NCCCC(N)C(=O)O,0.0
DILI_214,NC(CO)(CO)CO,0.0
DILI_215,CN1CCN(C(c2ccccc2)c2ccccc2)CC1,0.0
DILI_216,CN1C2CCC1CC(OC(c1ccccc1)c1ccccc1)C2,0.0
DILI_217,c1ccc2c(c1)Nc1ccccc1S2,1.0
DILI_218,CCCCNc1ccc(C(=O)OCCOCCOCCOCCOCCOCCOCCOCCOCCOC)cc1,0.0
DILI_219,CCC(CO)NC(=O)C1C=C2c3cccc4[nH]cc(c34)CC2N(C)C1,0.0
DILI_220,CCOC(=O)C1(c2ccccc2)CCN(CCc2ccc(N)cc2)CC1,0.0
DILI_221,CC(=O)CC(c1ccc([N+](=O)[O-])cc1)c1c(O)oc2ccccc2c1=O,1.0
DILI_222,CNC(C)C(O)c1ccccc1,0.0
DILI_223,COC1C(OC(N)=O)C(O)C(Oc2ccc3c(=O)c(NC(=O)c4ccc(O)c(CC=C(C)C)c4)c(O)oc3c2C)OC1(C)C,1.0
DILI_224,Nc1ncn(C2OC(CO)C(O)C2O)c(=O)n1,1.0
DILI_225,CCC(CO)NC(=O)C1C=C2c3cccc4c3c(cn4C)CC2N(C)C1,0.0
DILI_226,CC12CC(=CO)C(=O)CC1CCC1C2CCC2(C)C1CCC2(C)O,1.0
DILI_227,CC12CCC3C4CCC(=O)C=C4CCC3C1CCC2O,1.0
DILI_228,CC(=O)C1(O)CCC2C3CC(C)C4=CC(=O)CCC4(C)C3CCC21C,0.0
DILI_229,CNC(C)Cc1ccccc1,0.0
DILI_230,C[N+](C)(C)CC(O)CC(=O)[O-],0.0
DILI_231,NC(=O)NS(=O)(=O)c1ccc(N)cc1,1.0
DILI_232,S=C=Nc1cccc2ccccc12,1.0
DILI_233,OCC1OC(OC2C(CO)OC(O)(CO)C2O)C(O)C(O)C1O,0.0
DILI_234,CC(=O)Nc1cccc(O)c1,0.0
DILI_235,CC1C(c2ccccc2)OCCN1C,0.0
DILI_236,CCC1OC(=O)C(C)C(OC2CC(C)(OC)C(O)C(C)O2)C(C)C(OC2OC(C)CC(N(C)C)C2O)C(C)(O)CC(C)C(=O)C(C)C(O)C1(C)O,1.0
DILI_237,C#CC1(O)CCC2C3CCC4=CC(=O)CCC4C3CCC21CC,0.0
DILI_238,CCC1(O)CC2CN(CCc3c([nH]c4ccccc34)C(C(=O)OC)(c3cc4c(cc3OC)N(C)C3C(O)(C(=O)OC)C(OC(C)=O)C5(CC)C=CCN6CCC43C65)C2)C1,0.0
DILI_239,CCOC(=O)C1(c2ccccc2)CCN(CCC(C#N)(c2ccccc2)c2ccccc2)CC1,0.0
DILI_240,C[N+](C)(C)CCOP(=O)([O-])OP(=O)(O)OCC1OC(n2ccc(N)nc2=O)C(O)C1O,0.0
DILI_241,COc1cc2c(c3oc(=O)c4c(c13)CCC4=O)C1C=COC1O2,1.0
DILI_242,Cc1c(C)c2c(c(C)c1O)CCC(C)(CCCC(C)CCCC(C)CCCC(C)C)O2,0.0
DILI_243,CNC1C(O)C(NC)C2OC3(O)C(=O)CC(C)OC3OC2C1O,0.0
DILI_244,O=c1[nH]c2ccccc2n1C1CCN(CCCC(c2ccc(F)cc2)c2ccc(F)cc2)CC1,0.0
DILI_245,CN(C)CCC(c1ccc(Br)cc1)c1ccccn1,0.0
DILI_246,OCCN1CCN(CCC=C2c3ccccc3Sc3ccc(C(F)(F)F)cc32)CC1,0.0
DILI_247,Cc1cn(C2C=CC(CO)O2)c(=O)[nH]c1=O,1.0
DILI_248,Cc1onc(-c2c(Cl)cccc2Cl)c1C(=O)NC1C(=O)N2C1SC(C)(C)C2C(=O)O,1.0
DILI_249,CNC1C(OC2C(OC3C(O)C(O)C(N=C(N)N)C(O)C3N=C(N)N)OC(C)C2(O)C=O)OC(CO)C(O)C1O,0.0
DILI_250,COc1cc(O)c(C(=O)c2ccccc2)cc1S(=O)(=O)O,0.0
DILI_251,CC1CC2C3CCC4=CC(=O)C=CC4(C)C3(Cl)C(O)CC2(C)C1(O)C(=O)CO,0.0
DILI_252,CN(C)CCCC1c2ccccc2Nc2ccc(Cl)cc21,1.0
DILI_253,CCc1c(C)[nH]c2c1C(=O)C(CN1CCOCC1)CC2,0.0
DILI_254,Nc1ccn(C2CCC(CO)O2)c(=O)n1,1.0
DILI_255,C[Si](C)(C)O[Si](C)(C)O[Si](C)(C)C,0.0
DILI_256,C#CCN(C)C(C)Cc1ccccc1,0.0
DILI_257,CC(N)C(O)c1ccccc1,0.0
DILI_258,CN1CCCC1CCOC(C)(c1ccccc1)c1ccc(Cl)cc1,0.0
DILI_259,O=C(O)Cc1csc(-c2ccc(Cl)cc2)n1,1.0
DILI_260,CC(=O)Oc1ccc(C2(c3ccc(OC(C)=O)cc3)C(=O)N(C(C)=O)c3ccccc32)cc1,1.0
DILI_261,CN(N=O)C(=O)NC1C(O)OC(CO)C(O)C1O,1.0
DILI_262,CC1OC(OC2C(O)CC(OC3C(O)CC(OC4CCC5(C)C(CCC6C5CC(O)C5(C)C(C7=CC(=O)OC7)CCC65O)C4)OC3C)OC2C)CC(O)C1O,0.0
DILI_263,CC12CCC(=O)C=C1CCC1C3CCC(O)(C(=O)CO)C3(C)CC(O)C12F,0.0
DILI_264,CC(CCC(=O)O)C1CCC2C3C(O)CC4CC(O)CCC4(C)C3CCC12C,0.0
DILI_265,CC(=O)NC1C(O)OC(CO)C(OS(=O)(=O)[O-])C1OC1OC(C(=O)[O-])C(O)C(O)C1O,1.0
DILI_266,COc1ccc2c(C(=O)c3ccc(Cl)cc3)c(C)n(CC(=O)O)c2c1,1.0
DILI_267,CC(Cc1ccc(O)c(O)c1)(NN)C(=O)O,0.0
DILI_268,Cc1cn(C2CC(N=[N+]=[N-])C(CO)O2)c(=O)[nH]c1=O,1.0
DILI_269,CC(C(=O)O)c1ccc(N2CC=CC2)c(Cl)c1,1.0
DILI_270,CC(=O)OC1C(=O)C2(C)C(O)CC3OCC3(OC(C)=O)C2C(OC(=O)c2ccccc2)C2(O)CC(OC(=O)C(O)C(NC(=O)c3ccccc3)c3ccccc3)C(C)=C1C2(C)C,1.0
DILI_271,COc1cc(C2c3cc4c(cc3C(OC3OC5COC(C)OC5C(O)C3O)C3COC(=O)C23)OCO4)cc(OC)c1O,1.0
DILI_272,CC(CCc1ccc(O)cc1)NCCc1ccc(O)c(O)c1,0.0
DILI_273,CC(C)(C)NCC(O)COc1ccccc1C1CCCC1,0.0
DILI_274,NCCC(O)C(=O)NC1CC(N)C(OC2OC(CN)C(O)C(O)C2O)C(O)C1OC1OC(CO)C(O)C(N)C1O,0.0
DILI_275,CC(C)(C)NCC(O)COc1cccc2c1CC(O)C(O)C2,0.0
DILI_276,COc1ccc(C2Sc3ccccc3N(CCN(C)C)C(=O)C2OC(C)=O)cc1,1.0
DILI_277,CC(C(=O)O)c1ccc2oc(-c3ccc(Cl)cc3)nc2c1,1.0
DILI_278,CC1(C)C(C=C(Cl)Cl)C1C(=O)OCc1cccc(Oc2ccccc2)c1,0.0
DILI_279,O=C(c1cc(O)c(O)c(O)c1)c1ccc(O)c(O)c1O,1.0
DILI_280,OCC1OC(n2cnc3c2NC=NCC3O)CC1O,1.0
DILI_281,COc1cccc2c1C(=O)c1c(O)c3c(c(O)c1C2=O)CC(O)(C(=O)CO)CC3OC1CC(N)C(O)C(C)O1,1.0
DILI_282,CN(C)CCn1nnnc1SCC1=C(C(=O)O)N2C(=O)C(NC(=O)Cc3csc(N)n3)C2SC1,1.0
DILI_283,CC(=O)N1CCN(c2ccc(OCC3COC(Cn4ccnc4)(c4ccc(Cl)cc4Cl)O3)cc2)CC1,1.0
DILI_284,O=c1nc[nH]c2c1ncn2C1CCC(CO)O1,1.0
DILI_285,CCC(C)C(=O)OC1CC(C)C=C2C=CC(C)C(CCC3CC(O)CC(=O)O3)C21,0.0
DILI_286,CCC(C)(C)C(=O)OC1CC(C)C=C2C=CC(C)C(CCC3CC(O)CC(=O)O3)C21,0.0
DILI_287,CN(C)C(=O)Oc1cc(OC(=O)N(C)C)cc(C(O)CNC(C)(C)C)c1,0.0
DILI_288,CCOC(=O)C(CCc1ccccc1)NC(C)C(=O)N1Cc2ccccc2CC1C(=O)O,1.0
DILI_289,CCC1OC(=O)C(C)C(OC2CC(C)(OC)C(O)C(C)O2)C(C)C(OC2OC(C)CC(N(C)C)C2O)C(C)(O)CC(C)CN(C)C(C)C(O)C1(C)O,0.0
DILI_290,CCC(C)n1ncn(-c2ccc(N3CCN(c4ccc(OCC5COC(Cn6cncn6)(c6ccc(Cl)cc6Cl)O5)cc4)CC3)cc2)c1=O,1.0
DILI_291,CC(O)(CS(=O)(=O)c1ccc(F)cc1)C(=O)Nc1ccc(C#N)c(C(F)(F)F)c1,1.0
DILI_292,CC(C)(C)NC(=O)C1CCC2C3CCC4NC(=O)C=CC4(C)C3CCC12C,0.0
DILI_293,COC(=O)CCc1ccc(OCC(O)CNC(C)C)cc1,0.0
DILI_294,CC1CN(c2cc3c(cc2F)c(=O)c(C(=O)O)cn3-c2ccc(F)cc2F)CCN1,1.0
DILI_295,C=C1CC2C(CCC3(C)C(=O)CCC23)C2(C)C=CC(=O)C=C12,1.0
DILI_296,CC(c1cc2ccccc2s1)N(O)C(N)=O,1.0
DILI_297,COCC(=O)OC1(CCN(C)CCCc2nc3ccccc3[nH]2)CCc2cc(F)ccc2C1C(C)C,0.0
DILI_298,CCC1(O)C(=O)OCc2c1cc1n(c2=O)Cc2cc3c(CN(C)C)c(O)ccc3nc2-1,0.0
DILI_299,CCCCCCCN(CC)CCCC(O)c1ccc(NS(C)(=O)=O)cc1,0.0
DILI_300,Cc1ccc(O)c(C(CCN(C(C)C)C(C)C)c2ccccc2)c1,0.0
DILI_301,CC(C)(C)NC(=O)C1CC2CCCCC2CN1CC(O)C(Cc1ccccc1)NC(=O)C(CC(N)=O)NC(=O)c1ccc2ccccc2n1,1.0
DILI_302,CC(C)c1c(C(=O)Nc2ccccc2)c(-c2ccccc2)c(-c2ccc(F)cc2)n1CCC(O)CC(O)CC(=O)O,1.0
DILI_303,Nc1ccn(C2CSC(CO)O2)c(=O)n1,1.0
DILI_304,CNCCC(Oc1cccc2ccccc12)c1cccs1,1.0
DILI_305,Nc1nc(=O)n(C2CSC(CO)O2)cc1F,1.0
DILI_306,CCCCCOC(=O)Nc1nc(=O)n(C2OC(C)C(O)C2O)cc1F,1.0
DILI_307,NC1C2CN(c3nc4c(cc3F)c(=O)c(C(=O)O)cn4-c3ccc(F)cc3F)CC12,1.0
DILI_308,Nc1nc(NC2CC2)c2ncn(C3C=CC(CO)C3)c2n1,1.0
DILI_309,CC(O)C(=O)Nc1c(I)c(C(=O)NC(CO)CO)c(I)c(C(=O)NC(CO)CO)c1I,0.0
DILI_310,NC(N)=Nc1nc(CSCCN=CNS(=O)(=O)c2ccc(Br)cc2)cs1,1.0
DILI_311,CCN(CC)CCOc1cccc(OCCN(CC)CC)c1OCCN(CC)CC,0.0
DILI_312,CNC1CCC(c2ccc(Cl)c(Cl)c2)c2ccccc21,0.0
DILI_313,CN1c2ccccc2C(NCCCCCCC(=O)O)c2ccc(Cl)cc2S1(=O)=O,1.0
DILI_314,Cc1nc([N+](=O)[O-])cn1-c1ccc([N+](=O)[O-])cc1,1.0
DILI_315,Cc1c(F)c(N2CCNC(C)C2)cc2c1c(=O)c(C(=O)O)cn2C1CC1,1.0
DILI_316,CN(CCOc1ccc(CC2SC(=O)NC2=O)cc1)c1ccccn1,1.0
DILI_317,C=C(c1ccc(C(=O)O)cc1)c1cc2c(cc1C)C(C)(C)CCC2(C)C,1.0
DILI_318,CCC1OC(=O)C(C)C(OC2CC(C)(OC)C(O)C(C)O2)C(C)C(OC2OC(C)CC(N(C)C)C2O)C(C)(OC)CC(C)C(=O)C(C)C(O)C1(C)O,1.0
DILI_319,CC(C)CC(NC(=O)C(Cc1ccccc1)NC(=O)c1cnccn1)B(O)O,1.0
DILI_320,CC1CC2C3CCC4=CC(=O)C=CC4(C)C3(Cl)C(O)CC2(C)C1(O)C(=O)CCl,0.0
DILI_321,CN(Cc1cnc2nc(N)nc(N)c2n1)c1ccc(C(=O)NC(CCC(=O)O)C(=O)O)cc1,1.0
DILI_322,CN(C)CCCC1(c2ccc(F)cc2)OCc2cc(C#N)ccc21,0.0
DILI_323,CC(=O)OC12COC1CC(O)C1(C)C(=O)C(O)C3=C(C)C(OC(=O)C(O)C(NC(=O)OC(C)(C)C)c4ccccc4)CC(O)(C(OC(=O)c4ccccc4)C21)C3(C)C,1.0
DILI_324,CC1COc2c(N3CCN(C)CC3)c(F)cc3c(=O)c(C(=O)O)cn1c23,1.0
DILI_325,CCCCCC(O)C=CC1C(O)CC(=O)C1CCCCCCC(=O)O,0.0
DILI_326,COc1c(N2CC3CCCNC3C2)c(F)cc2c(=O)c(C(=O)O)cn(C3CC3)c12,1.0
DILI_327,CCOC1OC(=O)CC1NC(=O)C1CCCN2C(=O)CCC(NC(=O)c3nccc4ccccc34)C(=O)N12,1.0
DILI_328,C=C1C(CO)C(O)CC1n1cnc2c(=O)nc(N)[nH]c21,1.0
DILI_329,NCC1OC(OC2C(CO)OC(OC3C(O)C(N)CC(N)C3OC3OC(CO)C(O)C(O)C3N)C2O)C(N)C(O)C1O,0.0
DILI_330,O=C(O)CCCCC1SCC2NC(=O)NC21,0.0
DILI_331,CN1C2CCC1CC(OC(=O)C(CO)c1ccccc1)C2,0.0
DILI_332,COC(c1ccccc1)(c1ccccc1)C(Oc1nc(C)cc(C)n1)C(=O)O,1.0
DILI_333,COC1CC(OC2C(C)C(=O)OC(C)C(C)C(OC(C)=O)C(C)C(=O)C3(CO3)CC(C)C(OC3OC(C)CC(N(C)C)C3OC(C)=O)C2C)OC(C)C1OC(C)=O,1.0
DILI_334,CS(=O)(=O)CCNCc1ccc(-c2ccc3ncnc(Nc4ccc(OCc5cccc(F)c5)c(Cl)c4)c3c2)o1,1.0
DILI_335,CC(C)CN(CC(O)C(Cc1ccccc1)NC(=O)OC1COC2OCCC12)S(=O)(=O)c1ccc(N)cc1,1.0
DILI_336,CCOC(Nc1ccc(C(=O)O)cc1)C(=O)c1ccc(-c2ccccc2)cc1,1.0
DILI_337,CCc1oc2ccccc2c1C(=O)c1ccc(O)cc1,1.0
DILI_338,NC(C(=O)O)C1CC(Cl)=NO1,0.0
DILI_339,CC(C)c1nc(CN(C)C(=O)NC(C(=O)NC(Cc2ccccc2)CC(O)C(Cc2ccccc2)NC(=O)OCc2cncs2)C(C)C)cs1,1.0
DILI_340,NCC(O)c1ccc(O)c(O)c1,0.0
DILI_341,CCC(C)C1NC(=O)C(Cc2ccc(O)cc2)NC(=O)C(N)CSSCC(C(=O)N2CCCC2C(=O)NC(CC(C)C)C(=O)NCC(N)=O)NC(=O)C(CC(N)=O)NC(=O)C(CCC(N)=O)NC1=O,0.0
DILI_342,COC1=CC(=O)CC(C)C12Oc1c(Cl)c(OC)cc(OC)c1C2=O,1.0
DILI_343,CC1OC(OC2C(CO)OC(OC3C(CO)OC(O)C(O)C3O)C(O)C2O)C(O)C(O)C1NC1C=C(CO)C(O)C(O)C1O,1.0
DILI_344,COC1(NC(=O)Cc2cccs2)C(=O)N2C(C(=O)O)=C(COC(N)=O)CSC21,1.0
DILI_345,NC1CC1c1ccccc1,0.0
DILI_346,CC(C)=CCN1CCC2(C)c3cc(O)ccc3CC1C2C,0.0
DILI_347,C=CC[N+]1(C2CC3C4CCC5CC(O)C(N6CCOCC6)CC5(C)C4CCC3(C)C2OC(C)=O)CCCC1,0.0
DILI_348,CC(N)(Cc1ccc(O)cc1)C(=O)O,0.0
DILI_349,CC(CO)NC(=O)C1C=C2c3cccc4[nH]cc(c34)CC2N(C)C1,0.0
DILI_350,CC(C=CC1=C(C)CCCC1(C)C)=CC=CC(C)=CCO,0.0
DILI_351,Cn1nnnc1SCC1=C(C(=O)O)N2C(=O)C(NC(=O)C(O)c3ccccc3)C2SC1,1.0
DILI_352,CC(Cn1cnc2c(N)ncnc21)OCP(=O)(O)O,1.0
DILI_353,CC1(C)SC2C(NC(=O)C(NC(=O)N3CCN(S(C)(=O)=O)C3=O)c3ccccc3)C(=O)N2C1C(=O)O,1.0
DILI_354,CCCc1cc(=O)[nH]c(=S)[nH]1,1.0
DILI_355,CN1CCCN=C1C=Cc1cccs1,0.0
DILI_356,CN1CCN(CCC=C2c3ccccc3Sc3ccc(S(=O)(=O)N(C)C)cc32)CC1,1.0
DILI_357,Cn1cc[nH]c1=S,1.0
DILI_358,COc1cc(CNC(=O)CCCCC=CC(C)C)ccc1O,0.0
DILI_359,CC(C)n1c(C=CC(O)CC(O)CC(=O)O)c(-c2ccc(F)cc2)c2ccccc21,0.0
DILI_360,Nc1nc(=S)c2[nH]cnc2[nH]1,1.0
DILI_361,CCC(=C(c1ccccc1)c1ccc(OCCN(C)C)cc1)c1ccccc1,1.0
DILI_362,CCCCN1C(=O)C(C(O)C2CCCCC2)NC(=O)C12CCN(Cc1ccc(Oc3ccc(C(=O)O)cc3)cc1)CC2,1.0
DILI_363,CN(C)Cc1ccc(CSCCNC(=C[N+](=O)[O-])NCc2ccc3c(c2)OCO3)o1,1.0
DILI_364,CCCCCCCCCCCC(CC1OC(=O)C1CCCCCC)OC(=O)C(CC(C)C)NC=O,1.0
DILI_365,COc1ccc(CC(C)NCC(O)c2ccc(O)c(NC=O)c2)cc1,0.0
DILI_366,CC(C)CC1NC(=O)C(Cc2ccccc2)NC(=O)C(CCN)NC(=O)C(NC(=O)C(CCN)NC(=O)C(NC(=O)C(CCN)NC(=O)O)C(C)O)CCNC(=O)C(C(C)O)NC(=O)C(CCN)NC(=O)C(CCN)NC1=O,0.0
DILI_367,Cc1ccc(C(=O)c2cc(O)c(O)c([N+](=O)[O-])c2)cc1,1.0
DILI_368,CCCCCC(O)C=CC1C(O)CC(=O)C1CC=CCCCC(=O)O,0.0
DILI_369,CN1C(=C(O)Nc2ccccn2)C(=O)c2ccccc2S1(=O)=O,1.0
DILI_370,C=C1CCC(O)CC1=CC=C1CCCC2(C)C1CCC2C(C)C=CC(C)C(C)C,0.0
DILI_371,CC1c2cccc(O)c2C(O)=C2C(=O)C3(O)C(=O)C(=C(N)O)C(=O)C(N(C)C)C3C(O)C21,1.0
DILI_372,CC(C)(O)c1ccccc1CCC(SCC1(CC(=O)O)CC1)c1cccc(C=Cc2ccc3ccc(Cl)cc3n2)c1,0.0
DILI_373,Cc1ccc(C(=CCN2CCCC2)c2ccccn2)cc1,0.0
DILI_374,COc1ccc2c3c1OC1C(O)C=CC4C(C2)N(C)CCC341,0.0
DILI_375,COc1ccc2c3c1OC1C(=O)CCC4C(C2)N(C)CCC314,0.0
DILI_376,CN1CCC23c4c5ccc(O)c4OC2C(=O)CCC3C1C5,0.0
DILI_377,C=C1CCC2(O)C3Cc4ccc(O)c5c4C2(CCN3CC2CC2)C1O5,0.0
DILI_378,COc1ccc2c3c1OC1C(=O)CCC4(O)C(C2)N(C)CCC314,0.0
DILI_379,CN1CCC23c4c5ccc(O)c4OC2C(=O)CCC3(O)C1C5,0.0
DILI_380,CN1CCC23c4c5ccc(O)c4OC2C(O)C=CC3C1C5,0.0
DILI_381,CCN(CC)CCNC(=O)c1c(C)[nH]c(C=C2C(=O)Nc3ccc(F)cc32)c1C,1.0
DILI_382,CN(C)NN=C1N=CN=C1C(N)=O,1.0
DILI_383,O=C1CN(N=Cc2ccc([N+](=O)[O-])o2)C(=O)N1,1.0
DILI_384,O=C(O)C1=CC(=NNc2ccc(S(=O)(=O)Nc3ccccn3)cc2)C=CC1=O,1.0
DILI_385,COc1ccc2c(c1)C13CCCCC1C(C2)N(C)CC3,0.0
DILI_386,CON=C(C(=O)NC1C(=O)N2C(C(=O)O)=C(CSc3nc(=O)c(=O)[nH]n3C)CSC12)c1csc(N)n1,1.0
DILI_387,CCOC(=O)C(CCc1ccccc1)NC1CCc2ccccc2N(CC(=O)O)C1=O,1.0
DILI_388,CC(C)(C)NC(=O)C1CN(Cc2cccnc2)CCN1CC(O)CC(Cc1ccccc1)C(=O)NC1c2ccccc2CC1O,1.0
DILI_389,COC1C=COC2(C)Oc3c(C)c(O)c4c(c3C2=O)C(=O)C(=CNN2CCN(C)CC2)C(=C4O)NC(=O)C(C)=CC=CC(C)C(O)C(C)C(O)C(C)C(OC(C)=O)C1C,1.0
DILI_390,CCC1OC(=O)C(C)C(=O)C(C)C(OC2OC(C)CC(N(C)C)C2O)C(C)(OC)CC(C)C(=O)C(C)C2N(CCCCn3cnc(-c4cccnc4)c3)C(=O)OC12C,1.0
DILI_391,CON=C(N)c1ccc(-c2ccc(-c3ccc(C(N)=NOC)cc3)o2)cc1,1.0
DILI_392,CC(C)CC(CN)CC(=O)O,0.0
DILI_393,CC1CN(CC(Cc2ccccc2)C(=O)NCC(=O)O)CCC1(C)c1cccc(O)c1,0.0
DILI_394,O=C1C=CC=CC1=C1NC(=C2C=CC=CC2=O)N(c2ccc(C(=O)O)cc2)N1,1.0
DILI_395,COCCCOc1cc(CC(CC(N)C(O)CC(C(=O)NCC(C)(C)C(N)=O)C(C)C)C(C)C)ccc1OC,0.0
DILI_396,COC1C=COC2(C)Oc3c(C)c(O)c4c(c3C2=O)C2=NC3(CCN(CC(C)C)CC3)NC2=C(NC(=O)C(C)=CC=CC(C)C(O)C(C)C(O)C(C)C(OC(C)=O)C1C)C4=O,1.0
DILI_397,CC(=O)Oc1cc2c(s1)CCN(C(C(=O)C1CC1)c1ccccc1F)C2,0.0
DILI_398,CN1CCC(Nc2ncc3ncnc(Nc4ccc(F)c(Cl)c4)c3n2)CC1,1.0
DILI_399,Cc1ccc(Nc2nccc(N(C)c3ccc4c(C)n(C)nc4c3)n2)cc1S(N)(=O)=O,1.0
DILI_400,CC1C=CC=CCCC=CC=CC=CC=CC(OC2OC(C)C(O)C(N)C2O)CC(O)C(C(=O)O)C(O)CC(=O)CC(O)C(O)CCC(O)CC(O)CC(O)CC(=O)OC(C)C(C)C1O,0.0
DILI_401,C=C1c2cccc(O)c2C(O)=C2C(=O)C3(O)C(O)=C(C(N)=O)C(=O)C(N(C)C)C3C(O)C12,1.0
DILI_402,O=C1OC(C(O)CO)C(O)=C1O,0.0
DILI_403,CN(C)C1C(=O)C(C(N)=O)=C(O)C2(O)C(=O)C3=C(O)c4c(O)ccc(Cl)c4C(O)C3CC12,1.0
